File;Variable;Name in Swedish;Name in Norwegian;Type;Values;Description;Calculation;Beskrivning (svenska);Beräkning (svenska)
Summary export and Google Sheets;Time stamp;Time stamp;Tidsstempel;Date and time;yyyy-MM-dd HH:mm;Date and time of the observation.;;Datum och tid för observationen.;
Summary export and Google Sheets;Series ID;Mätserie-ID;Måleserie-ID;Text;6 characters;Random code shared by all observations of the same teacher and class, so that baseline and follow-up can be paired after an export without names.;;Slumpad kod som är gemensam för alla observationer av samma lärare och klass, så att förmätning och eftermätning går att para ihop efter en export utan namn.;
Summary export and Google Sheets;Municipality;Kommun;Kommune;Text;Free text;Municipality.;;Kommun.;
Summary export and Google Sheets;Observer;Observatör;Observatør;Text;Free text;Observer's name. Empty in an anonymous export.;;Observatörens namn. Tomt vid anonym export.;
Summary export and Google Sheets;School;Skola;Skole;Text;Free text;School. Empty in an anonymous export.;;Skola. Tomt vid anonym export.;
Summary export and Google Sheets;Lesson/subject;Lektion/ämne;Time/fag;Text;Free text;Lesson or subject.;;Lektion eller ämne.;
Summary export and Google Sheets;Grade;Årskurs;Trinn;Text;Free text;Grade (year level).;;Årskurs.;
Summary export and Google Sheets;Class;Klass;Klasse;Text;Free text;Class designation. Empty in an anonymous export.;;Klassbeteckning. Tomt vid anonym export.;
Summary export and Google Sheets;Comment;Kommentar;Kommentar;Text;Free text;Notes written after the observation. Empty in an anonymous export.;;Anteckningar som skrivits efter observationen. Tomt vid anonym export.;
Summary export and Google Sheets;Measurement point;Mätpunkt;Målepunkt;Text;Baseline, Follow-up, free text, or empty;"Type of measurement. With ""Other"" the description the observer wrote is given instead.";;"Typ av mätning: Baseline = förmätning, Follow-up = eftermätning. Vid ""Annat"" står observatörens egen beskrivning.";
Summary export and Google Sheets;N intervals;N intervals;N intervaller;Integer;0–80;Number of intervals where on/off task was coded. Denominator for % On-task.;;Antal intervall där on/off task kodats. Nämnare för % On-task.;
Summary export and Google Sheets;% On-task;% On-task;% On-task;Decimal;Percent, 1 decimal (decimal comma);Share of the coded intervals that were on task.;N On-task / N intervals × 100. Empty if N intervals is 0.;Andel av de kodade intervallen som var on task.;N On-task / N intervals × 100. Tomt om N intervals är 0.
Summary export and Google Sheets;N On-task;N On-task;N On-task;Integer;0–80;Number of intervals coded on task.;;Antal intervall kodade som on task.;
Summary export and Google Sheets;% Disruptive total;% Distraherande total;% Forstyrrende totalt;Decimal;Percent, 1 decimal (decimal comma);Share of intervals with disruptive behaviour (V, M or both) among the intervals where disruption was coded.;N Disruptive total / N intervals disruptive × 100. Empty if no disruption was coded.;Andel intervall med distraherande beteende (V, M eller båda) av de intervall där distraktion kodats.;N Disruptive total / N intervals disruptive × 100. Tomt om ingen distraktion kodats.
Summary export and Google Sheets;N Disruptive total;N Distraherande total;N Forstyrrende totalt;Integer;0–80;Number of intervals with verbal or motor disruptive behaviour, or both. An interval with both counts once.;;Antal intervall med verbalt eller motoriskt distraherande beteende, eller båda. Ett intervall med båda räknas en gång.;
Summary export and Google Sheets;% Motor disruptive;% Motoriskt distraherande;% Motorisk forstyrrende;Decimal;Percent, 1 decimal (decimal comma);Share of intervals with motor disruptive behaviour (M) among the intervals where disruption was coded.;N Motor disruptive / N intervals disruptive × 100. Empty if no disruption was coded.;Andel intervall med motoriskt distraherande beteende (M) av de intervall där distraktion kodats.;N Motor disruptive / N intervals disruptive × 100. Tomt om ingen distraktion kodats.
Summary export and Google Sheets;N Motor disruptive;N Motoriskt distraherande;N Motorisk forstyrrende;Integer;0–80;Number of intervals with motor disruptive behaviour (M).;;Antal intervall med motoriskt distraherande beteende (M).;
Summary export and Google Sheets;% Verbal disruptive;% Verbalt distraherande;% Verbal forstyrrende;Decimal;Percent, 1 decimal (decimal comma);Share of intervals with verbal disruptive behaviour (V) among the intervals where disruption was coded.;N Verbal disruptive / N intervals disruptive × 100. Empty if no disruption was coded.;Andel intervall med verbalt distraherande beteende (V) av de intervall där distraktion kodats.;N Verbal disruptive / N intervals disruptive × 100. Tomt om ingen distraktion kodats.
Summary export and Google Sheets;N Verbal disruptive;N Verbalt distraherande;N Verbal forstyrrende;Integer;0–80;Number of intervals with verbal disruptive behaviour (V).;;Antal intervall med verbalt distraherande beteende (V).;
Summary export and Google Sheets;% praise;% bekräftande;% bekreftende;Decimal;Percent, 1 decimal (decimal comma);Share of the intervals with interaction that had praise (P). An interval can have both praise and reprimand, so the two shares can together exceed 100 %.;N Praise / N interaction total × 100. Empty if N interaction total is 0.;Andel av intervallen med interaktion där bekräftande (B) förekom. Ett intervall kan ha både bekräftande och korrigerande, så de två andelarna kan tillsammans överstiga 100 %.;N Praise / N interaction total × 100. Tomt om N interaction total är 0.
Summary export and Google Sheets;N Praise;N Bekräftande;N Bekreftende;Integer;0–80;Number of intervals with praise (P).;;Antal intervall med bekräftande (B).;
Summary export and Google Sheets;% reprimand;% korrigerande;% korrigerende;Decimal;Percent, 1 decimal (decimal comma);Share of the intervals with interaction that had reprimand (R). An interval can have both praise and reprimand, so the two shares can together exceed 100 %.;N Reprimand / N interaction total × 100. Empty if N interaction total is 0.;Andel av intervallen med interaktion där korrigerande (K) förekom. Ett intervall kan ha både bekräftande och korrigerande, så de två andelarna kan tillsammans överstiga 100 %.;N Reprimand / N interaction total × 100. Tomt om N interaction total är 0.
Summary export and Google Sheets;N Reprimand;N Korrigerande;N Korrigerende;Integer;0–80;Number of intervals with reprimand (R).;;Antal intervall med korrigerande (K).;
Summary export and Google Sheets;N interaction total;N interaktion total;N interaksjon totalt;Integer;0–80;Number of intervals with praise or reprimand, or both. An interval with both counts once. Denominator for % praise and % reprimand.;;Antal intervall med bekräftande eller korrigerande, eller båda. Ett intervall med båda räknas en gång. Nämnare för % bekräftande och % korrigerande.;
Summary export and Google Sheets;N intervals disruptive;N intervals distraherande;N intervaller forstyrrende;Integer;0–80;"Number of intervals where disruption was coded: V, M or ""Not disruptive"". Denominator for the disruption percentages.";;"Antal intervall där distraktion kodats: V, M eller ""Ej distr."". Nämnare för andelarna distraherande.";
Summary export and Google Sheets;Students present;Antal elever närvarande;Antall elever til stede;Integer;1 or more, empty if not given;Number of students present, as given by the observer.;;Antal elever närvarande, som observatören angav.;
Summary export and Google Sheets;Observation ID;Observation-ID;Observasjons-ID;Text;8 characters;Identifies the observation. Used in Google Sheets to update the row instead of adding a duplicate if the same observation is sent again.;;Identifierar observationen. Används i Google Kalkylark för att uppdatera raden i stället för att lägga till en dubblett om samma observation skickas igen.;
Summary export and Google Sheets;Co-observation;Sambedömning;Samvurdering;Text;A, B, C, D, or empty if not a co-observation;The observer's role in a co-observation. A leads it.;;Observatörens roll i en sambedömning. A leder den.;
Summary export and Google Sheets;Co-observation ID;Sambedömnings-ID;Samvurderings-ID;Text;8 characters, or empty if not a co-observation;Shared by all observers in the same co-observation, so that their rows can be matched.;;Gemensamt för alla observatörer i samma sambedömning, så att deras rader går att para ihop.;
Summary export and Google Sheets;Number of observers;Antal observatörer;Antall observatører;Integer;2–4, empty if not a co-observation;Number of observers in the co-observation.;;Antal observatörer i sambedömningen.;
Summary export and Google Sheets;% all agree on-task;% alla överens on-task;% alle enige on-task;Decimal;Percent, 1 decimal (decimal comma), empty if not a co-observation;Co-observation, on/off task (on task vs off task, in intervals where on/off task was coded): share of the intervals that all observers coded where all coded the same. The same value on every observer's row.;Intervals where all agree / intervals coded by all observers × 100.;Sambedömning, on/off task (on task mot off task, i intervall där on/off task kodats): andel av intervallen som alla observatörer kodat där alla kodat likadant. Samma värde på alla observatörers rader.;Intervall där alla är överens / intervall som alla kodat × 100.
Summary export and Google Sheets;% pairwise mean on-task;% par-medel on-task;% parvis gjennomsnitt on-task;Decimal;Percent, 1 decimal (decimal comma), empty if not a co-observation;Co-observation, on/off task (on task vs off task, in intervals where on/off task was coded): mean of the percent agreement in each pair of observers. Equals % all agree with two observers.;Mean over all pairs of (agreements / intervals both coded × 100).;Sambedömning, on/off task (on task mot off task, i intervall där on/off task kodats): medelvärdet av överensstämmelsen i varje par av observatörer. Samma som % alla överens vid två observatörer.;Medelvärde över alla par av (överens / intervall som båda kodat × 100).
Summary export and Google Sheets;Krippendorff α on-task;Krippendorff α on-task;Krippendorff α on-task;Decimal;-1 to 1, 3 decimals, empty if undefined;Co-observation, on/off task (on task vs off task, in intervals where on/off task was coded): agreement between all observers together, corrected for chance.;Krippendorff's alpha for nominal (binary) data. Every interval coded by at least two observers counts, so a single missing code does not drop the interval. Empty when alpha is undefined: no data, or the same value in all codings. 3 decimals.;Sambedömning, on/off task (on task mot off task, i intervall där on/off task kodats): överensstämmelse mellan alla observatörer tillsammans, korrigerad för slump.;Krippendorffs alfa för nominaldata (två värden). Varje intervall som minst två observatörer kodat räknas, så en missad markering tar inte bort intervallet. Tomt när alfa inte går att beräkna: inget underlag, eller samma värde i alla bedömningar. 3 decimaler.
Summary export and Google Sheets;% all agree V;% alla överens V;% alle enige V;Decimal;Percent, 1 decimal (decimal comma), empty if not a co-observation;"Co-observation, verbal disruptive behaviour (V yes/no, in intervals where disruption was coded, including ""Not disruptive""): share of the intervals that all observers coded where all coded the same. The same value on every observer's row.";Intervals where all agree / intervals coded by all observers × 100.;"Sambedömning, verbalt distraherande (V ja/nej, i intervall där distraktion kodats, inklusive ""Ej distr.""): andel av intervallen som alla observatörer kodat där alla kodat likadant. Samma värde på alla observatörers rader.";Intervall där alla är överens / intervall som alla kodat × 100.
Summary export and Google Sheets;% pairwise mean V;% par-medel V;% parvis gjennomsnitt V;Decimal;Percent, 1 decimal (decimal comma), empty if not a co-observation;"Co-observation, verbal disruptive behaviour (V yes/no, in intervals where disruption was coded, including ""Not disruptive""): mean of the percent agreement in each pair of observers. Equals % all agree with two observers.";Mean over all pairs of (agreements / intervals both coded × 100).;"Sambedömning, verbalt distraherande (V ja/nej, i intervall där distraktion kodats, inklusive ""Ej distr.""): medelvärdet av överensstämmelsen i varje par av observatörer. Samma som % alla överens vid två observatörer.";Medelvärde över alla par av (överens / intervall som båda kodat × 100).
Summary export and Google Sheets;Krippendorff α V;Krippendorff α V;Krippendorff α V;Decimal;-1 to 1, 3 decimals, empty if undefined;"Co-observation, verbal disruptive behaviour (V yes/no, in intervals where disruption was coded, including ""Not disruptive""): agreement between all observers together, corrected for chance.";Krippendorff's alpha for nominal (binary) data. Every interval coded by at least two observers counts, so a single missing code does not drop the interval. Empty when alpha is undefined: no data, or the same value in all codings. 3 decimals.;"Sambedömning, verbalt distraherande (V ja/nej, i intervall där distraktion kodats, inklusive ""Ej distr.""): överensstämmelse mellan alla observatörer tillsammans, korrigerad för slump.";Krippendorffs alfa för nominaldata (två värden). Varje intervall som minst två observatörer kodat räknas, så en missad markering tar inte bort intervallet. Tomt när alfa inte går att beräkna: inget underlag, eller samma värde i alla bedömningar. 3 decimaler.
Summary export and Google Sheets;% all agree M;% alla överens M;% alle enige M;Decimal;Percent, 1 decimal (decimal comma), empty if not a co-observation;"Co-observation, motor disruptive behaviour (M yes/no, in intervals where disruption was coded, including ""Not disruptive""): share of the intervals that all observers coded where all coded the same. The same value on every observer's row.";Intervals where all agree / intervals coded by all observers × 100.;"Sambedömning, motoriskt distraherande (M ja/nej, i intervall där distraktion kodats, inklusive ""Ej distr.""): andel av intervallen som alla observatörer kodat där alla kodat likadant. Samma värde på alla observatörers rader.";Intervall där alla är överens / intervall som alla kodat × 100.
Summary export and Google Sheets;% pairwise mean M;% par-medel M;% parvis gjennomsnitt M;Decimal;Percent, 1 decimal (decimal comma), empty if not a co-observation;"Co-observation, motor disruptive behaviour (M yes/no, in intervals where disruption was coded, including ""Not disruptive""): mean of the percent agreement in each pair of observers. Equals % all agree with two observers.";Mean over all pairs of (agreements / intervals both coded × 100).;"Sambedömning, motoriskt distraherande (M ja/nej, i intervall där distraktion kodats, inklusive ""Ej distr.""): medelvärdet av överensstämmelsen i varje par av observatörer. Samma som % alla överens vid två observatörer.";Medelvärde över alla par av (överens / intervall som båda kodat × 100).
Summary export and Google Sheets;Krippendorff α M;Krippendorff α M;Krippendorff α M;Decimal;-1 to 1, 3 decimals, empty if undefined;"Co-observation, motor disruptive behaviour (M yes/no, in intervals where disruption was coded, including ""Not disruptive""): agreement between all observers together, corrected for chance.";Krippendorff's alpha for nominal (binary) data. Every interval coded by at least two observers counts, so a single missing code does not drop the interval. Empty when alpha is undefined: no data, or the same value in all codings. 3 decimals.;"Sambedömning, motoriskt distraherande (M ja/nej, i intervall där distraktion kodats, inklusive ""Ej distr.""): överensstämmelse mellan alla observatörer tillsammans, korrigerad för slump.";Krippendorffs alfa för nominaldata (två värden). Varje intervall som minst två observatörer kodat räknas, så en missad markering tar inte bort intervallet. Tomt när alfa inte går att beräkna: inget underlag, eller samma värde i alla bedömningar. 3 decimaler.
Summary export and Google Sheets;% all agree P;% alla överens B;% alle enige B;Decimal;Percent, 1 decimal (decimal comma), empty if not a co-observation;"Co-observation, praise (P yes/no, in intervals where interaction was coded, including ""None""): share of the intervals that all observers coded where all coded the same. The same value on every observer's row.";Intervals where all agree / intervals coded by all observers × 100.;"Sambedömning, bekräftande (B ja/nej, i intervall där interaktion kodats, inklusive ""Ingen""): andel av intervallen som alla observatörer kodat där alla kodat likadant. Samma värde på alla observatörers rader.";Intervall där alla är överens / intervall som alla kodat × 100.
Summary export and Google Sheets;% pairwise mean P;% par-medel B;% parvis gjennomsnitt B;Decimal;Percent, 1 decimal (decimal comma), empty if not a co-observation;"Co-observation, praise (P yes/no, in intervals where interaction was coded, including ""None""): mean of the percent agreement in each pair of observers. Equals % all agree with two observers.";Mean over all pairs of (agreements / intervals both coded × 100).;"Sambedömning, bekräftande (B ja/nej, i intervall där interaktion kodats, inklusive ""Ingen""): medelvärdet av överensstämmelsen i varje par av observatörer. Samma som % alla överens vid två observatörer.";Medelvärde över alla par av (överens / intervall som båda kodat × 100).
Summary export and Google Sheets;Krippendorff α P;Krippendorff α B;Krippendorff α B;Decimal;-1 to 1, 3 decimals, empty if undefined;"Co-observation, praise (P yes/no, in intervals where interaction was coded, including ""None""): agreement between all observers together, corrected for chance.";Krippendorff's alpha for nominal (binary) data. Every interval coded by at least two observers counts, so a single missing code does not drop the interval. Empty when alpha is undefined: no data, or the same value in all codings. 3 decimals.;"Sambedömning, bekräftande (B ja/nej, i intervall där interaktion kodats, inklusive ""Ingen""): överensstämmelse mellan alla observatörer tillsammans, korrigerad för slump.";Krippendorffs alfa för nominaldata (två värden). Varje intervall som minst två observatörer kodat räknas, så en missad markering tar inte bort intervallet. Tomt när alfa inte går att beräkna: inget underlag, eller samma värde i alla bedömningar. 3 decimaler.
Summary export and Google Sheets;% all agree R;% alla överens K;% alle enige K;Decimal;Percent, 1 decimal (decimal comma), empty if not a co-observation;"Co-observation, reprimand (R yes/no, in intervals where interaction was coded, including ""None""): share of the intervals that all observers coded where all coded the same. The same value on every observer's row.";Intervals where all agree / intervals coded by all observers × 100.;"Sambedömning, korrigerande (K ja/nej, i intervall där interaktion kodats, inklusive ""Ingen""): andel av intervallen som alla observatörer kodat där alla kodat likadant. Samma värde på alla observatörers rader.";Intervall där alla är överens / intervall som alla kodat × 100.
Summary export and Google Sheets;% pairwise mean R;% par-medel K;% parvis gjennomsnitt K;Decimal;Percent, 1 decimal (decimal comma), empty if not a co-observation;"Co-observation, reprimand (R yes/no, in intervals where interaction was coded, including ""None""): mean of the percent agreement in each pair of observers. Equals % all agree with two observers.";Mean over all pairs of (agreements / intervals both coded × 100).;"Sambedömning, korrigerande (K ja/nej, i intervall där interaktion kodats, inklusive ""Ingen""): medelvärdet av överensstämmelsen i varje par av observatörer. Samma som % alla överens vid två observatörer.";Medelvärde över alla par av (överens / intervall som båda kodat × 100).
Summary export and Google Sheets;Krippendorff α R;Krippendorff α K;Krippendorff α K;Decimal;-1 to 1, 3 decimals, empty if undefined;"Co-observation, reprimand (R yes/no, in intervals where interaction was coded, including ""None""): agreement between all observers together, corrected for chance.";Krippendorff's alpha for nominal (binary) data. Every interval coded by at least two observers counts, so a single missing code does not drop the interval. Empty when alpha is undefined: no data, or the same value in all codings. 3 decimals.;"Sambedömning, korrigerande (K ja/nej, i intervall där interaktion kodats, inklusive ""Ingen""): överensstämmelse mellan alla observatörer tillsammans, korrigerad för slump.";Krippendorffs alfa för nominaldata (två värden). Varje intervall som minst två observatörer kodat räknas, så en missad markering tar inte bort intervallet. Tomt när alfa inte går att beräkna: inget underlag, eller samma värde i alla bedömningar. 3 decimaler.
Summary export – co-observation pairwise section;Co-observation ID;Sambedömnings-ID;Samvurderings-ID;Text;8 characters, or empty if not a co-observation;Shared by all observers in the same co-observation, so that their rows can be matched.;;Gemensamt för alla observatörer i samma sambedömning, så att deras rader går att para ihop.;
Summary export – co-observation pairwise section;Time stamp;Time stamp;Tidsstempel;Date and time;yyyy-MM-dd HH:mm;Date and time of the observation.;;Datum och tid för observationen.;
Summary export – co-observation pairwise section;Pair;Par;Par;Text;e.g. A–B;The two observers compared on the row.;;De två observatörer som jämförs på raden.;
Summary export – co-observation pairwise section;Observer 1;Observatör 1;Observatør 1;Text;Free text;Name of observer 1 in the pair. Empty in an anonymous export.;;Namnet på observatör 1 i paret. Tomt vid anonym export.;
Summary export – co-observation pairwise section;Observer 2;Observatör 2;Observatør 2;Text;Free text;Name of observer 2 in the pair. Empty in an anonymous export.;;Namnet på observatör 2 i paret. Tomt vid anonym export.;
Summary export – co-observation pairwise section;N on-task;N on-task;N on-task;Integer;0–80;Number of intervals where both observers coded on/off task (on task vs off task, in intervals where on/off task was coded).;;Antal intervall där båda observatörerna kodat on/off task (on task mot off task, i intervall där on/off task kodats).;
Summary export – co-observation pairwise section;% agreement on-task;% överens on-task;% samsvar on-task;Decimal;Percent, 1 decimal (decimal comma);Percent agreement between the two observers, on/off task (on task vs off task, in intervals where on/off task was coded).;Intervals where both coded the same / N × 100.;Överensstämmelse mellan de två observatörerna, on/off task (on task mot off task, i intervall där on/off task kodats).;Intervall där båda kodat likadant / N × 100.
Summary export – co-observation pairwise section;Krippendorff α on-task;Krippendorff α on-task;Krippendorff α on-task;Decimal;-1 to 1, 3 decimals, empty if undefined;Krippendorff's alpha for the pair, on/off task (on task vs off task, in intervals where on/off task was coded).;Krippendorff's alpha for nominal (binary) data. Every interval coded by at least two observers counts, so a single missing code does not drop the interval. Empty when alpha is undefined: no data, or the same value in all codings. 3 decimals.;Krippendorffs alfa för paret, on/off task (on task mot off task, i intervall där on/off task kodats).;Krippendorffs alfa för nominaldata (två värden). Varje intervall som minst två observatörer kodat räknas, så en missad markering tar inte bort intervallet. Tomt när alfa inte går att beräkna: inget underlag, eller samma värde i alla bedömningar. 3 decimaler.
Summary export – co-observation pairwise section;N V;N V;N V;Integer;0–80;"Number of intervals where both observers coded verbal disruptive behaviour (V yes/no, in intervals where disruption was coded, including ""Not disruptive"").";;"Antal intervall där båda observatörerna kodat verbalt distraherande (V ja/nej, i intervall där distraktion kodats, inklusive ""Ej distr."").";
Summary export – co-observation pairwise section;% agreement V;% överens V;% samsvar V;Decimal;Percent, 1 decimal (decimal comma);"Percent agreement between the two observers, verbal disruptive behaviour (V yes/no, in intervals where disruption was coded, including ""Not disruptive"").";Intervals where both coded the same / N × 100.;"Överensstämmelse mellan de två observatörerna, verbalt distraherande (V ja/nej, i intervall där distraktion kodats, inklusive ""Ej distr."").";Intervall där båda kodat likadant / N × 100.
Summary export – co-observation pairwise section;Krippendorff α V;Krippendorff α V;Krippendorff α V;Decimal;-1 to 1, 3 decimals, empty if undefined;"Krippendorff's alpha for the pair, verbal disruptive behaviour (V yes/no, in intervals where disruption was coded, including ""Not disruptive"").";Krippendorff's alpha for nominal (binary) data. Every interval coded by at least two observers counts, so a single missing code does not drop the interval. Empty when alpha is undefined: no data, or the same value in all codings. 3 decimals.;"Krippendorffs alfa för paret, verbalt distraherande (V ja/nej, i intervall där distraktion kodats, inklusive ""Ej distr."").";Krippendorffs alfa för nominaldata (två värden). Varje intervall som minst två observatörer kodat räknas, så en missad markering tar inte bort intervallet. Tomt när alfa inte går att beräkna: inget underlag, eller samma värde i alla bedömningar. 3 decimaler.
Summary export – co-observation pairwise section;N M;N M;N M;Integer;0–80;"Number of intervals where both observers coded motor disruptive behaviour (M yes/no, in intervals where disruption was coded, including ""Not disruptive"").";;"Antal intervall där båda observatörerna kodat motoriskt distraherande (M ja/nej, i intervall där distraktion kodats, inklusive ""Ej distr."").";
Summary export – co-observation pairwise section;% agreement M;% överens M;% samsvar M;Decimal;Percent, 1 decimal (decimal comma);"Percent agreement between the two observers, motor disruptive behaviour (M yes/no, in intervals where disruption was coded, including ""Not disruptive"").";Intervals where both coded the same / N × 100.;"Överensstämmelse mellan de två observatörerna, motoriskt distraherande (M ja/nej, i intervall där distraktion kodats, inklusive ""Ej distr."").";Intervall där båda kodat likadant / N × 100.
Summary export – co-observation pairwise section;Krippendorff α M;Krippendorff α M;Krippendorff α M;Decimal;-1 to 1, 3 decimals, empty if undefined;"Krippendorff's alpha for the pair, motor disruptive behaviour (M yes/no, in intervals where disruption was coded, including ""Not disruptive"").";Krippendorff's alpha for nominal (binary) data. Every interval coded by at least two observers counts, so a single missing code does not drop the interval. Empty when alpha is undefined: no data, or the same value in all codings. 3 decimals.;"Krippendorffs alfa för paret, motoriskt distraherande (M ja/nej, i intervall där distraktion kodats, inklusive ""Ej distr."").";Krippendorffs alfa för nominaldata (två värden). Varje intervall som minst två observatörer kodat räknas, så en missad markering tar inte bort intervallet. Tomt när alfa inte går att beräkna: inget underlag, eller samma värde i alla bedömningar. 3 decimaler.
Summary export – co-observation pairwise section;N P;N B;N B;Integer;0–80;"Number of intervals where both observers coded praise (P yes/no, in intervals where interaction was coded, including ""None"").";;"Antal intervall där båda observatörerna kodat bekräftande (B ja/nej, i intervall där interaktion kodats, inklusive ""Ingen"").";
Summary export – co-observation pairwise section;% agreement P;% överens B;% samsvar B;Decimal;Percent, 1 decimal (decimal comma);"Percent agreement between the two observers, praise (P yes/no, in intervals where interaction was coded, including ""None"").";Intervals where both coded the same / N × 100.;"Överensstämmelse mellan de två observatörerna, bekräftande (B ja/nej, i intervall där interaktion kodats, inklusive ""Ingen"").";Intervall där båda kodat likadant / N × 100.
Summary export – co-observation pairwise section;Krippendorff α P;Krippendorff α B;Krippendorff α B;Decimal;-1 to 1, 3 decimals, empty if undefined;"Krippendorff's alpha for the pair, praise (P yes/no, in intervals where interaction was coded, including ""None"").";Krippendorff's alpha for nominal (binary) data. Every interval coded by at least two observers counts, so a single missing code does not drop the interval. Empty when alpha is undefined: no data, or the same value in all codings. 3 decimals.;"Krippendorffs alfa för paret, bekräftande (B ja/nej, i intervall där interaktion kodats, inklusive ""Ingen"").";Krippendorffs alfa för nominaldata (två värden). Varje intervall som minst två observatörer kodat räknas, så en missad markering tar inte bort intervallet. Tomt när alfa inte går att beräkna: inget underlag, eller samma värde i alla bedömningar. 3 decimaler.
Summary export – co-observation pairwise section;N R;N K;N K;Integer;0–80;"Number of intervals where both observers coded reprimand (R yes/no, in intervals where interaction was coded, including ""None"").";;"Antal intervall där båda observatörerna kodat korrigerande (K ja/nej, i intervall där interaktion kodats, inklusive ""Ingen"").";
Summary export – co-observation pairwise section;% agreement R;% överens K;% samsvar K;Decimal;Percent, 1 decimal (decimal comma);"Percent agreement between the two observers, reprimand (R yes/no, in intervals where interaction was coded, including ""None"").";Intervals where both coded the same / N × 100.;"Överensstämmelse mellan de två observatörerna, korrigerande (K ja/nej, i intervall där interaktion kodats, inklusive ""Ingen"").";Intervall där båda kodat likadant / N × 100.
Summary export – co-observation pairwise section;Krippendorff α R;Krippendorff α K;Krippendorff α K;Decimal;-1 to 1, 3 decimals, empty if undefined;"Krippendorff's alpha for the pair, reprimand (R yes/no, in intervals where interaction was coded, including ""None"").";Krippendorff's alpha for nominal (binary) data. Every interval coded by at least two observers counts, so a single missing code does not drop the interval. Empty when alpha is undefined: no data, or the same value in all codings. 3 decimals.;"Krippendorffs alfa för paret, korrigerande (K ja/nej, i intervall där interaktion kodats, inklusive ""Ingen"").";Krippendorffs alfa för nominaldata (två värden). Varje intervall som minst två observatörer kodat räknas, så en missad markering tar inte bort intervallet. Tomt när alfa inte går att beräkna: inget underlag, eller samma värde i alla bedömningar. 3 decimaler.
Detailed export;Observation ID;Observation-ID;Observasjons-ID;Text;8 characters;Identifies the observation. All 80 rows of an observation share it.;;Identifierar observationen. Alla 80 rader i en observation har samma.;
Detailed export;Time stamp;Time stamp;Tidsstempel;Date and time;yyyy-MM-dd HH:mm;Date and time of the observation.;;Datum och tid för observationen.;
Detailed export;Series ID;Mätserie-ID;Måleserie-ID;Text;6 characters;Random code shared by all observations of the same teacher and class (see the summary export).;;Slumpad kod som är gemensam för alla observationer av samma lärare och klass (se summeringen).;
Detailed export;Municipality;Kommun;Kommune;Text;Free text;Municipality.;;Kommun.;
Detailed export;Observer;Observatör;Observatør;Text;Free text;Observer's name. Empty in an anonymous export.;;Observatörens namn. Tomt vid anonym export.;
Detailed export;School;Skola;Skole;Text;Free text;School. Empty in an anonymous export.;;Skola. Tomt vid anonym export.;
Detailed export;Grade;Årskurs;Trinn;Text;Free text;Grade (year level).;;Årskurs.;
Detailed export;Class;Klass;Klasse;Text;Free text;Class designation. Empty in an anonymous export.;;Klassbeteckning. Tomt vid anonym export.;
Detailed export;Lesson/subject;Lektion/ämne;Time/fag;Text;Free text;Lesson or subject.;;Lektion eller ämne.;
Detailed export;Measurement point;Mätpunkt;Målepunkt;Text;Baseline, Follow-up, free text, or empty;"Type of measurement. With ""Other"" the description the observer wrote is given instead.";;"Typ av mätning: Baseline = förmätning, Follow-up = eftermätning. Vid ""Annat"" står observatörens egen beskrivning.";
Detailed export;Co-observation;Sambedömning;Samvurdering;Text;A, B, C, D, or empty if not a co-observation;The observer's role in a co-observation. A leads it.;;Observatörens roll i en sambedömning. A leder den.;
Detailed export;Co-observation ID;Sambedömnings-ID;Samvurderings-ID;Text;8 characters, or empty if not a co-observation;Shared by all observers in the same co-observation, so that their rows can be matched.;;Gemensamt för alla observatörer i samma sambedömning, så att deras rader går att para ihop.;
Detailed export;Interval;Intervall;Intervall;Integer;1–80;Interval number. Each interval is 15 seconds.;;Intervallets nummer. Varje intervall är 15 sekunder.;
Detailed export;On-task;On-task;On-task;Binary;1 = on task, 0 = off task, empty = not coded;On/off task in the interval.;;On/off task i intervallet.;
Detailed export;Disr. verbal (V);Distr. verbalt (V);Forst. verbal (V);Binary;1 = yes, 0 = no, empty = not coded;Verbal disruptive behaviour (V). Empty when disruption was not coded in the interval.;;Verbalt distraherande beteende (V). Tomt när distraktion inte kodats i intervallet.;
Detailed export;Disr. motor (M);Distr. motoriskt (M);Forst. motorisk (M);Binary;1 = yes, 0 = no, empty = not coded;Motor disruptive behaviour (M). Empty when disruption was not coded in the interval.;;Motoriskt distraherande beteende (M). Tomt när distraktion inte kodats i intervallet.;
Detailed export;Not disruptive;Ej distraherande;Ikke forstyrrende;Binary;1 = yes, 0 = no, empty = not coded;"The observer actively coded ""Not disruptive"". Empty when disruption was not coded in the interval.";;"Observatören kodade aktivt ""Ej distr."". Tomt när distraktion inte kodats i intervallet.";
Detailed export;Praise (P);Bekräftande (B);Bekreftende (B);Binary;1 = yes, 0 = no, empty = not coded;Praise (P). Empty when interaction was not coded in the interval.;;Bekräftande (B). Tomt när interaktion inte kodats i intervallet.;
Detailed export;Reprimand (R);Korrigerande (K);Korrigerende (K);Binary;1 = yes, 0 = no, empty = not coded;Reprimand (R). Empty when interaction was not coded in the interval.;;Korrigerande (K). Tomt när interaktion inte kodats i intervallet.;
Detailed export;No interaction;Ingen interaktion;Ingen interaksjon;Binary;1 = yes, 0 = no, empty = not coded;"The observer actively coded ""None"" (no interaction). Empty when interaction was not coded in the interval.";;"Observatören kodade aktivt ""Ingen"" (ingen interaktion). Tomt när interaktion inte kodats i intervallet.";
Detailed export;Hard to judge on/off;Svårbedömd on/off;Vanskelig å vurdere on/off;Binary;1 = marked, empty = not marked;The observer marked on/off task as hard to judge.;;Observatören markerade on/off task som svårbedömd.;
Detailed export;Hard to judge disruption;Svårbedömd distraktion;Vanskelig å vurdere forstyrrelse;Binary;1 = marked, empty = not marked;The observer marked disruptive behaviour as hard to judge.;;Observatören markerade distraherande beteende som svårbedömt.;
Detailed export;Hard to judge interaction;Svårbedömd interaktion;Vanskelig å vurdere interaksjon;Binary;1 = marked, empty = not marked;The observer marked interaction as hard to judge.;;Observatören markerade interaktion som svårbedömd.;
Detailed export;Special situation;Särskild situation;Spesiell situasjon;Binary;1 = marked, empty = not marked;The observer marked a special situation.;;Observatören markerade en särskild situation.;
Detailed export;Comment;Kommentar;Kommentar;Text;Free text;Free-text comment for the interval. Empty in an anonymous export.;;Fritextkommentar för intervallet. Tomt vid anonym export.;
Video comparison export;Date;Datum;Dato;Date and time;yyyy-MM-dd HH:mm;Date and time of the attempt.;;Datum och tid för försöket.;
Video comparison export;Participant;Deltagare;Deltaker;Text;Free text;Participant's name.;;Deltagarens namn.;
Video comparison export;Video;Film;Film;Text;Free text;Name of the recorded observation (video).;;Namnet på den inspelade observationen (filmen).;
Video comparison export;Threshold %;Gränsvärde %;Grenseverdi %;Integer;70–95;Pass threshold in percent, as set in the app.;;Gränsvärdet för godkänt i procent, som det är inställt i appen.;
Video comparison export;Passed;Godkänd;Bestått;Text;Yes / No, empty if the reference coding is missing;Whether the attempt passed.;Yes when every category that the reference coding coded reaches the threshold.;Om försöket blev godkänt.;Ja när varje kategori som facit kodat når gränsvärdet.
Video comparison export;% agreement on-task;% överens on-task;% samsvar on-task;Decimal;Percent, 1 decimal (decimal comma), empty if not in the reference coding;Agreement with the reference coding, on/off task (on task vs off task, in intervals where on/off task was coded).;Intervals coded the same as the reference / intervals the reference coded in the category × 100. An interval the participant did not code counts as wrong.;Överensstämmelse med facit, on/off task (on task mot off task, i intervall där on/off task kodats).;Intervall kodade som i facit / intervall som facit kodat i kategorin × 100. Ett intervall som deltagaren inte kodat räknas som fel.
Video comparison export;Above threshold on-task;Över gränsvärdet on-task;Over grenseverdien on-task;Text;Yes / No, empty if not in the reference coding;Whether % agreement on-task reaches the threshold.;;Om % överens on-task når gränsvärdet.;
Video comparison export;Missed on-task;Missade on-task;Uteglemt on-task;Integer;0–80, empty if not in the reference coding;Intervals the reference coded in the category but the participant did not code at all.;;Intervall som facit kodat i kategorin men som deltagaren inte kodat alls.;
Video comparison export;% agreement V;% överens V;% samsvar V;Decimal;Percent, 1 decimal (decimal comma), empty if not in the reference coding;"Agreement with the reference coding, verbal disruptive behaviour (V yes/no, in intervals where disruption was coded, including ""Not disruptive"").";Intervals coded the same as the reference / intervals the reference coded in the category × 100. An interval the participant did not code counts as wrong.;"Överensstämmelse med facit, verbalt distraherande (V ja/nej, i intervall där distraktion kodats, inklusive ""Ej distr."").";Intervall kodade som i facit / intervall som facit kodat i kategorin × 100. Ett intervall som deltagaren inte kodat räknas som fel.
Video comparison export;Above threshold V;Över gränsvärdet V;Over grenseverdien V;Text;Yes / No, empty if not in the reference coding;Whether % agreement V reaches the threshold.;;Om % överens V når gränsvärdet.;
Video comparison export;Missed V;Missade V;Uteglemt V;Integer;0–80, empty if not in the reference coding;Intervals the reference coded in the category but the participant did not code at all.;;Intervall som facit kodat i kategorin men som deltagaren inte kodat alls.;
Video comparison export;% agreement M;% överens M;% samsvar M;Decimal;Percent, 1 decimal (decimal comma), empty if not in the reference coding;"Agreement with the reference coding, motor disruptive behaviour (M yes/no, in intervals where disruption was coded, including ""Not disruptive"").";Intervals coded the same as the reference / intervals the reference coded in the category × 100. An interval the participant did not code counts as wrong.;"Överensstämmelse med facit, motoriskt distraherande (M ja/nej, i intervall där distraktion kodats, inklusive ""Ej distr."").";Intervall kodade som i facit / intervall som facit kodat i kategorin × 100. Ett intervall som deltagaren inte kodat räknas som fel.
Video comparison export;Above threshold M;Över gränsvärdet M;Over grenseverdien M;Text;Yes / No, empty if not in the reference coding;Whether % agreement M reaches the threshold.;;Om % överens M når gränsvärdet.;
Video comparison export;Missed M;Missade M;Uteglemt M;Integer;0–80, empty if not in the reference coding;Intervals the reference coded in the category but the participant did not code at all.;;Intervall som facit kodat i kategorin men som deltagaren inte kodat alls.;
Video comparison export;% agreement P;% överens B;% samsvar B;Decimal;Percent, 1 decimal (decimal comma), empty if not in the reference coding;"Agreement with the reference coding, praise (P yes/no, in intervals where interaction was coded, including ""None"").";Intervals coded the same as the reference / intervals the reference coded in the category × 100. An interval the participant did not code counts as wrong.;"Överensstämmelse med facit, bekräftande (B ja/nej, i intervall där interaktion kodats, inklusive ""Ingen"").";Intervall kodade som i facit / intervall som facit kodat i kategorin × 100. Ett intervall som deltagaren inte kodat räknas som fel.
Video comparison export;Above threshold P;Över gränsvärdet B;Over grenseverdien B;Text;Yes / No, empty if not in the reference coding;Whether % agreement P reaches the threshold.;;Om % överens P når gränsvärdet.;
Video comparison export;Missed P;Missade B;Uteglemt B;Integer;0–80, empty if not in the reference coding;Intervals the reference coded in the category but the participant did not code at all.;;Intervall som facit kodat i kategorin men som deltagaren inte kodat alls.;
Video comparison export;% agreement R;% överens K;% samsvar K;Decimal;Percent, 1 decimal (decimal comma), empty if not in the reference coding;"Agreement with the reference coding, reprimand (R yes/no, in intervals where interaction was coded, including ""None"").";Intervals coded the same as the reference / intervals the reference coded in the category × 100. An interval the participant did not code counts as wrong.;"Överensstämmelse med facit, korrigerande (K ja/nej, i intervall där interaktion kodats, inklusive ""Ingen"").";Intervall kodade som i facit / intervall som facit kodat i kategorin × 100. Ett intervall som deltagaren inte kodat räknas som fel.
Video comparison export;Above threshold R;Över gränsvärdet K;Over grenseverdien K;Text;Yes / No, empty if not in the reference coding;Whether % agreement R reaches the threshold.;;Om % överens R når gränsvärdet.;
Video comparison export;Missed R;Missade K;Uteglemt K;Integer;0–80, empty if not in the reference coding;Intervals the reference coded in the category but the participant did not code at all.;;Intervall som facit kodat i kategorin men som deltagaren inte kodat alls.;
Test–retest export;Participant;Deltagare;Deltaker;Text;Free text;Participant's name.;;Deltagarens namn.;
Test–retest export;Video;Film;Film;Text;Free text;Name of the recorded observation (video).;;Namnet på den inspelade observationen (filmen).;
Test–retest export;Session 1;Tillfälle 1;Tidspunkt 1;Date and time;yyyy-MM-dd HH:mm;Date and time of session 1.;;Datum och tid för tillfälle 1.;
Test–retest export;Session 2;Tillfälle 2;Tidspunkt 2;Date and time;yyyy-MM-dd HH:mm;Date and time of session 2.;;Datum och tid för tillfälle 2.;
Test–retest export;Days between;Dagar mellan;Dager mellom;Integer;0 or more;Whole days between session 1 and session 2.;;Hela dagar mellan tillfälle 1 och tillfälle 2.;
Test–retest export;N on-task;N on-task;N on-task;Integer;0–80;Intervals coded in both sessions, on/off task (on task vs off task, in intervals where on/off task was coded).;;Intervall kodade vid båda tillfällena, on/off task (on task mot off task, i intervall där on/off task kodats).;
Test–retest export;% agreement on-task;% överens on-task;% samsvar on-task;Decimal;Percent, 1 decimal (decimal comma);Agreement between the two sessions, interval by interval, on/off task (on task vs off task, in intervals where on/off task was coded).;Intervals coded the same in both sessions / N × 100.;Överensstämmelse mellan tillfällena, intervall för intervall, on/off task (on task mot off task, i intervall där on/off task kodats).;Intervall kodade likadant vid båda tillfällena / N × 100.
Test–retest export;Krippendorff α on-task;Krippendorff α on-task;Krippendorff α on-task;Decimal;-1 to 1, 3 decimals, empty if undefined;Krippendorff's alpha between the two sessions, on/off task (on task vs off task, in intervals where on/off task was coded).;Krippendorff's alpha for nominal (binary) data. Every interval coded by at least two observers counts, so a single missing code does not drop the interval. Empty when alpha is undefined: no data, or the same value in all codings. 3 decimals.;Krippendorffs alfa mellan tillfällena, on/off task (on task mot off task, i intervall där on/off task kodats).;Krippendorffs alfa för nominaldata (två värden). Varje intervall som minst två observatörer kodat räknas, så en missad markering tar inte bort intervallet. Tomt när alfa inte går att beräkna: inget underlag, eller samma värde i alla bedömningar. 3 decimaler.
Test–retest export;N V;N V;N V;Integer;0–80;"Intervals coded in both sessions, verbal disruptive behaviour (V yes/no, in intervals where disruption was coded, including ""Not disruptive"").";;"Intervall kodade vid båda tillfällena, verbalt distraherande (V ja/nej, i intervall där distraktion kodats, inklusive ""Ej distr."").";
Test–retest export;% agreement V;% överens V;% samsvar V;Decimal;Percent, 1 decimal (decimal comma);"Agreement between the two sessions, interval by interval, verbal disruptive behaviour (V yes/no, in intervals where disruption was coded, including ""Not disruptive"").";Intervals coded the same in both sessions / N × 100.;"Överensstämmelse mellan tillfällena, intervall för intervall, verbalt distraherande (V ja/nej, i intervall där distraktion kodats, inklusive ""Ej distr."").";Intervall kodade likadant vid båda tillfällena / N × 100.
Test–retest export;Krippendorff α V;Krippendorff α V;Krippendorff α V;Decimal;-1 to 1, 3 decimals, empty if undefined;"Krippendorff's alpha between the two sessions, verbal disruptive behaviour (V yes/no, in intervals where disruption was coded, including ""Not disruptive"").";Krippendorff's alpha for nominal (binary) data. Every interval coded by at least two observers counts, so a single missing code does not drop the interval. Empty when alpha is undefined: no data, or the same value in all codings. 3 decimals.;"Krippendorffs alfa mellan tillfällena, verbalt distraherande (V ja/nej, i intervall där distraktion kodats, inklusive ""Ej distr."").";Krippendorffs alfa för nominaldata (två värden). Varje intervall som minst två observatörer kodat räknas, så en missad markering tar inte bort intervallet. Tomt när alfa inte går att beräkna: inget underlag, eller samma värde i alla bedömningar. 3 decimaler.
Test–retest export;N M;N M;N M;Integer;0–80;"Intervals coded in both sessions, motor disruptive behaviour (M yes/no, in intervals where disruption was coded, including ""Not disruptive"").";;"Intervall kodade vid båda tillfällena, motoriskt distraherande (M ja/nej, i intervall där distraktion kodats, inklusive ""Ej distr."").";
Test–retest export;% agreement M;% överens M;% samsvar M;Decimal;Percent, 1 decimal (decimal comma);"Agreement between the two sessions, interval by interval, motor disruptive behaviour (M yes/no, in intervals where disruption was coded, including ""Not disruptive"").";Intervals coded the same in both sessions / N × 100.;"Överensstämmelse mellan tillfällena, intervall för intervall, motoriskt distraherande (M ja/nej, i intervall där distraktion kodats, inklusive ""Ej distr."").";Intervall kodade likadant vid båda tillfällena / N × 100.
Test–retest export;Krippendorff α M;Krippendorff α M;Krippendorff α M;Decimal;-1 to 1, 3 decimals, empty if undefined;"Krippendorff's alpha between the two sessions, motor disruptive behaviour (M yes/no, in intervals where disruption was coded, including ""Not disruptive"").";Krippendorff's alpha for nominal (binary) data. Every interval coded by at least two observers counts, so a single missing code does not drop the interval. Empty when alpha is undefined: no data, or the same value in all codings. 3 decimals.;"Krippendorffs alfa mellan tillfällena, motoriskt distraherande (M ja/nej, i intervall där distraktion kodats, inklusive ""Ej distr."").";Krippendorffs alfa för nominaldata (två värden). Varje intervall som minst två observatörer kodat räknas, så en missad markering tar inte bort intervallet. Tomt när alfa inte går att beräkna: inget underlag, eller samma värde i alla bedömningar. 3 decimaler.
Test–retest export;N P;N B;N B;Integer;0–80;"Intervals coded in both sessions, praise (P yes/no, in intervals where interaction was coded, including ""None"").";;"Intervall kodade vid båda tillfällena, bekräftande (B ja/nej, i intervall där interaktion kodats, inklusive ""Ingen"").";
Test–retest export;% agreement P;% överens B;% samsvar B;Decimal;Percent, 1 decimal (decimal comma);"Agreement between the two sessions, interval by interval, praise (P yes/no, in intervals where interaction was coded, including ""None"").";Intervals coded the same in both sessions / N × 100.;"Överensstämmelse mellan tillfällena, intervall för intervall, bekräftande (B ja/nej, i intervall där interaktion kodats, inklusive ""Ingen"").";Intervall kodade likadant vid båda tillfällena / N × 100.
Test–retest export;Krippendorff α P;Krippendorff α B;Krippendorff α B;Decimal;-1 to 1, 3 decimals, empty if undefined;"Krippendorff's alpha between the two sessions, praise (P yes/no, in intervals where interaction was coded, including ""None"").";Krippendorff's alpha for nominal (binary) data. Every interval coded by at least two observers counts, so a single missing code does not drop the interval. Empty when alpha is undefined: no data, or the same value in all codings. 3 decimals.;"Krippendorffs alfa mellan tillfällena, bekräftande (B ja/nej, i intervall där interaktion kodats, inklusive ""Ingen"").";Krippendorffs alfa för nominaldata (två värden). Varje intervall som minst två observatörer kodat räknas, så en missad markering tar inte bort intervallet. Tomt när alfa inte går att beräkna: inget underlag, eller samma värde i alla bedömningar. 3 decimaler.
Test–retest export;N R;N K;N K;Integer;0–80;"Intervals coded in both sessions, reprimand (R yes/no, in intervals where interaction was coded, including ""None"").";;"Intervall kodade vid båda tillfällena, korrigerande (K ja/nej, i intervall där interaktion kodats, inklusive ""Ingen"").";
Test–retest export;% agreement R;% överens K;% samsvar K;Decimal;Percent, 1 decimal (decimal comma);"Agreement between the two sessions, interval by interval, reprimand (R yes/no, in intervals where interaction was coded, including ""None"").";Intervals coded the same in both sessions / N × 100.;"Överensstämmelse mellan tillfällena, intervall för intervall, korrigerande (K ja/nej, i intervall där interaktion kodats, inklusive ""Ingen"").";Intervall kodade likadant vid båda tillfällena / N × 100.
Test–retest export;Krippendorff α R;Krippendorff α K;Krippendorff α K;Decimal;-1 to 1, 3 decimals, empty if undefined;"Krippendorff's alpha between the two sessions, reprimand (R yes/no, in intervals where interaction was coded, including ""None"").";Krippendorff's alpha for nominal (binary) data. Every interval coded by at least two observers counts, so a single missing code does not drop the interval. Empty when alpha is undefined: no data, or the same value in all codings. 3 decimals.;"Krippendorffs alfa mellan tillfällena, korrigerande (K ja/nej, i intervall där interaktion kodats, inklusive ""Ingen"").";Krippendorffs alfa för nominaldata (två värden). Varje intervall som minst två observatörer kodat räknas, så en missad markering tar inte bort intervallet. Tomt när alfa inte går att beräkna: inget underlag, eller samma värde i alla bedömningar. 3 decimaler.
Test–retest export;% On task session 1;% On task tillfälle 1;% On task tidspunkt 1;Decimal;Percent, 1 decimal (decimal comma), empty if there is no data;% on task in session 1, calculated as in the summary export.;;% on task vid tillfälle 1, beräknat som i summeringen.;
Test–retest export;% On task session 2;% On task tillfälle 2;% On task tidspunkt 2;Decimal;Percent, 1 decimal (decimal comma), empty if there is no data;% on task in session 2, calculated as in the summary export.;;% on task vid tillfälle 2, beräknat som i summeringen.;
Test–retest export;% Disr. total (V/M) session 1;% Distr. total (V/M) tillfälle 1;% Forst. totalt (V/M) tidspunkt 1;Decimal;Percent, 1 decimal (decimal comma), empty if there is no data;% disruptive total (V/M) in session 1, calculated as in the summary export.;;% distraherande totalt (V/M) vid tillfälle 1, beräknat som i summeringen.;
Test–retest export;% Disr. total (V/M) session 2;% Distr. total (V/M) tillfälle 2;% Forst. totalt (V/M) tidspunkt 2;Decimal;Percent, 1 decimal (decimal comma), empty if there is no data;% disruptive total (V/M) in session 2, calculated as in the summary export.;;% distraherande totalt (V/M) vid tillfälle 2, beräknat som i summeringen.;
Test–retest export;% Disr. verbal (V) session 1;% Distr. verbalt (V) tillfälle 1;% Forst. verbal (V) tidspunkt 1;Decimal;Percent, 1 decimal (decimal comma), empty if there is no data;% verbal disruptive (V) in session 1, calculated as in the summary export.;;% verbalt distraherande (V) vid tillfälle 1, beräknat som i summeringen.;
Test–retest export;% Disr. verbal (V) session 2;% Distr. verbalt (V) tillfälle 2;% Forst. verbal (V) tidspunkt 2;Decimal;Percent, 1 decimal (decimal comma), empty if there is no data;% verbal disruptive (V) in session 2, calculated as in the summary export.;;% verbalt distraherande (V) vid tillfälle 2, beräknat som i summeringen.;
Test–retest export;% Disr. motor (M) session 1;% Distr. motoriskt (M) tillfälle 1;% Forst. motorisk (M) tidspunkt 1;Decimal;Percent, 1 decimal (decimal comma), empty if there is no data;% motor disruptive (M) in session 1, calculated as in the summary export.;;% motoriskt distraherande (M) vid tillfälle 1, beräknat som i summeringen.;
Test–retest export;% Disr. motor (M) session 2;% Distr. motoriskt (M) tillfälle 2;% Forst. motorisk (M) tidspunkt 2;Decimal;Percent, 1 decimal (decimal comma), empty if there is no data;% motor disruptive (M) in session 2, calculated as in the summary export.;;% motoriskt distraherande (M) vid tillfälle 2, beräknat som i summeringen.;
Test–retest export;% Praise (P) session 1;% Bekräftande (B) tillfälle 1;% Bekreftende (B) tidspunkt 1;Decimal;Percent, 1 decimal (decimal comma), empty if there is no data;% praise (P) in session 1, calculated as in the summary export.;;% bekräftande (B) vid tillfälle 1, beräknat som i summeringen.;
Test–retest export;% Praise (P) session 2;% Bekräftande (B) tillfälle 2;% Bekreftende (B) tidspunkt 2;Decimal;Percent, 1 decimal (decimal comma), empty if there is no data;% praise (P) in session 2, calculated as in the summary export.;;% bekräftande (B) vid tillfälle 2, beräknat som i summeringen.;
Test–retest export;% Reprimand (R) session 1;% Korrigerande (K) tillfälle 1;% Korrigerende (K) tidspunkt 1;Decimal;Percent, 1 decimal (decimal comma), empty if there is no data;% reprimand (R) in session 1, calculated as in the summary export.;;% korrigerande (K) vid tillfälle 1, beräknat som i summeringen.;
Test–retest export;% Reprimand (R) session 2;% Korrigerande (K) tillfälle 2;% Korrigerende (K) tidspunkt 2;Decimal;Percent, 1 decimal (decimal comma), empty if there is no data;% reprimand (R) in session 2, calculated as in the summary export.;;% korrigerande (K) vid tillfälle 2, beräknat som i summeringen.;
Test–retest export – ICC section;Participant;Deltagare;Deltaker;Text;Free text;Participant's name.;;Deltagarens namn.;
Test–retest export – ICC section;ICC % On task;ICC % On task;ICC % On task;Decimal;3 decimals, empty if it cannot be calculated;Test–retest reliability for % on task, across all videos the participant has compared. Interpretation (Koo & Li, 2016): below 0.50 poor, 0.50–0.75 moderate, 0.75–0.90 good, above 0.90 excellent.;ICC(A,1): two-way model, absolute agreement, single measurement (McGraw & Wong, 1996). Rows are videos, columns the two sessions: (MSR − MSE) / (MSR + (k − 1)·MSE + k/n·(MSC − MSE)). If a video was compared several times, the latest comparison is used. Needs at least two videos.;Test-retest-reliabilitet för % on task, över alla filmer som deltagaren jämfört. Tolkning (Koo & Li, 2016): under 0,50 svag, 0,50–0,75 måttlig, 0,75–0,90 god, över 0,90 utmärkt.;ICC(A,1): tvåvägsmodell, absolut överensstämmelse, enskild mätning (McGraw & Wong, 1996). Rader är filmer, kolumner de två tillfällena: (MSR − MSE) / (MSR + (k − 1)·MSE + k/n·(MSC − MSE)). Har en film jämförts flera gånger används den senaste jämförelsen. Kräver minst två filmer.
Test–retest export – ICC section;Number of videos % On task;Antal filmer % On task;Antall filmer % On task;Integer;0 or more;Number of videos with a value for % on task in both sessions, i.e. the n behind the ICC.;;Antal filmer med värde för % on task vid båda tillfällena, det vill säga n bakom ICC.;
Test–retest export – ICC section;ICC % Disr. total (V/M);ICC % Distr. total (V/M);ICC % Forst. totalt (V/M);Decimal;3 decimals, empty if it cannot be calculated;Test–retest reliability for % disruptive total (V/M), across all videos the participant has compared. Interpretation (Koo & Li, 2016): below 0.50 poor, 0.50–0.75 moderate, 0.75–0.90 good, above 0.90 excellent.;ICC(A,1): two-way model, absolute agreement, single measurement (McGraw & Wong, 1996). Rows are videos, columns the two sessions: (MSR − MSE) / (MSR + (k − 1)·MSE + k/n·(MSC − MSE)). If a video was compared several times, the latest comparison is used. Needs at least two videos.;Test-retest-reliabilitet för % distraherande totalt (V/M), över alla filmer som deltagaren jämfört. Tolkning (Koo & Li, 2016): under 0,50 svag, 0,50–0,75 måttlig, 0,75–0,90 god, över 0,90 utmärkt.;ICC(A,1): tvåvägsmodell, absolut överensstämmelse, enskild mätning (McGraw & Wong, 1996). Rader är filmer, kolumner de två tillfällena: (MSR − MSE) / (MSR + (k − 1)·MSE + k/n·(MSC − MSE)). Har en film jämförts flera gånger används den senaste jämförelsen. Kräver minst två filmer.
Test–retest export – ICC section;Number of videos % Disr. total (V/M);Antal filmer % Distr. total (V/M);Antall filmer % Forst. totalt (V/M);Integer;0 or more;Number of videos with a value for % disruptive total (V/M) in both sessions, i.e. the n behind the ICC.;;Antal filmer med värde för % distraherande totalt (V/M) vid båda tillfällena, det vill säga n bakom ICC.;
Test–retest export – ICC section;ICC % Disr. verbal (V);ICC % Distr. verbalt (V);ICC % Forst. verbal (V);Decimal;3 decimals, empty if it cannot be calculated;Test–retest reliability for % verbal disruptive (V), across all videos the participant has compared. Interpretation (Koo & Li, 2016): below 0.50 poor, 0.50–0.75 moderate, 0.75–0.90 good, above 0.90 excellent.;ICC(A,1): two-way model, absolute agreement, single measurement (McGraw & Wong, 1996). Rows are videos, columns the two sessions: (MSR − MSE) / (MSR + (k − 1)·MSE + k/n·(MSC − MSE)). If a video was compared several times, the latest comparison is used. Needs at least two videos.;Test-retest-reliabilitet för % verbalt distraherande (V), över alla filmer som deltagaren jämfört. Tolkning (Koo & Li, 2016): under 0,50 svag, 0,50–0,75 måttlig, 0,75–0,90 god, över 0,90 utmärkt.;ICC(A,1): tvåvägsmodell, absolut överensstämmelse, enskild mätning (McGraw & Wong, 1996). Rader är filmer, kolumner de två tillfällena: (MSR − MSE) / (MSR + (k − 1)·MSE + k/n·(MSC − MSE)). Har en film jämförts flera gånger används den senaste jämförelsen. Kräver minst två filmer.
Test–retest export – ICC section;Number of videos % Disr. verbal (V);Antal filmer % Distr. verbalt (V);Antall filmer % Forst. verbal (V);Integer;0 or more;Number of videos with a value for % verbal disruptive (V) in both sessions, i.e. the n behind the ICC.;;Antal filmer med värde för % verbalt distraherande (V) vid båda tillfällena, det vill säga n bakom ICC.;
Test–retest export – ICC section;ICC % Disr. motor (M);ICC % Distr. motoriskt (M);ICC % Forst. motorisk (M);Decimal;3 decimals, empty if it cannot be calculated;Test–retest reliability for % motor disruptive (M), across all videos the participant has compared. Interpretation (Koo & Li, 2016): below 0.50 poor, 0.50–0.75 moderate, 0.75–0.90 good, above 0.90 excellent.;ICC(A,1): two-way model, absolute agreement, single measurement (McGraw & Wong, 1996). Rows are videos, columns the two sessions: (MSR − MSE) / (MSR + (k − 1)·MSE + k/n·(MSC − MSE)). If a video was compared several times, the latest comparison is used. Needs at least two videos.;Test-retest-reliabilitet för % motoriskt distraherande (M), över alla filmer som deltagaren jämfört. Tolkning (Koo & Li, 2016): under 0,50 svag, 0,50–0,75 måttlig, 0,75–0,90 god, över 0,90 utmärkt.;ICC(A,1): tvåvägsmodell, absolut överensstämmelse, enskild mätning (McGraw & Wong, 1996). Rader är filmer, kolumner de två tillfällena: (MSR − MSE) / (MSR + (k − 1)·MSE + k/n·(MSC − MSE)). Har en film jämförts flera gånger används den senaste jämförelsen. Kräver minst två filmer.
Test–retest export – ICC section;Number of videos % Disr. motor (M);Antal filmer % Distr. motoriskt (M);Antall filmer % Forst. motorisk (M);Integer;0 or more;Number of videos with a value for % motor disruptive (M) in both sessions, i.e. the n behind the ICC.;;Antal filmer med värde för % motoriskt distraherande (M) vid båda tillfällena, det vill säga n bakom ICC.;
Test–retest export – ICC section;ICC % Praise (P);ICC % Bekräftande (B);ICC % Bekreftende (B);Decimal;3 decimals, empty if it cannot be calculated;Test–retest reliability for % praise (P), across all videos the participant has compared. Interpretation (Koo & Li, 2016): below 0.50 poor, 0.50–0.75 moderate, 0.75–0.90 good, above 0.90 excellent.;ICC(A,1): two-way model, absolute agreement, single measurement (McGraw & Wong, 1996). Rows are videos, columns the two sessions: (MSR − MSE) / (MSR + (k − 1)·MSE + k/n·(MSC − MSE)). If a video was compared several times, the latest comparison is used. Needs at least two videos.;Test-retest-reliabilitet för % bekräftande (B), över alla filmer som deltagaren jämfört. Tolkning (Koo & Li, 2016): under 0,50 svag, 0,50–0,75 måttlig, 0,75–0,90 god, över 0,90 utmärkt.;ICC(A,1): tvåvägsmodell, absolut överensstämmelse, enskild mätning (McGraw & Wong, 1996). Rader är filmer, kolumner de två tillfällena: (MSR − MSE) / (MSR + (k − 1)·MSE + k/n·(MSC − MSE)). Har en film jämförts flera gånger används den senaste jämförelsen. Kräver minst två filmer.
Test–retest export – ICC section;Number of videos % Praise (P);Antal filmer % Bekräftande (B);Antall filmer % Bekreftende (B);Integer;0 or more;Number of videos with a value for % praise (P) in both sessions, i.e. the n behind the ICC.;;Antal filmer med värde för % bekräftande (B) vid båda tillfällena, det vill säga n bakom ICC.;
Test–retest export – ICC section;ICC % Reprimand (R);ICC % Korrigerande (K);ICC % Korrigerende (K);Decimal;3 decimals, empty if it cannot be calculated;Test–retest reliability for % reprimand (R), across all videos the participant has compared. Interpretation (Koo & Li, 2016): below 0.50 poor, 0.50–0.75 moderate, 0.75–0.90 good, above 0.90 excellent.;ICC(A,1): two-way model, absolute agreement, single measurement (McGraw & Wong, 1996). Rows are videos, columns the two sessions: (MSR − MSE) / (MSR + (k − 1)·MSE + k/n·(MSC − MSE)). If a video was compared several times, the latest comparison is used. Needs at least two videos.;Test-retest-reliabilitet för % korrigerande (K), över alla filmer som deltagaren jämfört. Tolkning (Koo & Li, 2016): under 0,50 svag, 0,50–0,75 måttlig, 0,75–0,90 god, över 0,90 utmärkt.;ICC(A,1): tvåvägsmodell, absolut överensstämmelse, enskild mätning (McGraw & Wong, 1996). Rader är filmer, kolumner de två tillfällena: (MSR − MSE) / (MSR + (k − 1)·MSE + k/n·(MSC − MSE)). Har en film jämförts flera gånger används den senaste jämförelsen. Kräver minst två filmer.
Test–retest export – ICC section;Number of videos % Reprimand (R);Antal filmer % Korrigerande (K);Antall filmer % Korrigerende (K);Integer;0 or more;Number of videos with a value for % reprimand (R) in both sessions, i.e. the n behind the ICC.;;Antal filmer med värde för % korrigerande (K) vid båda tillfällena, det vill säga n bakom ICC.;
